Workbook

Sheet MainData
A1: Code | B1: Name | C1: NationalID | D1: Grade | E1: Class | F1: SeatNo
A2: 4422 | B2: الحسن احمد | C2: 29802202401013 | D2: الثالث الإبتدائي | E2: 3 / 1 ب

Sheet T1_Month1
A1: Code | B1: Name | C1: Grade | D1: Class | E1: اللغة العربية | F1: اللغة الانجليزية | G1: الرياضيات | H1: التربية الدينية | I1: متعدد التخصصات | J1: مستوى رفيع
A2: =MainData!A2 -> 4422 | B2: =MainData!B2 -> الحسن احمد | C2: =MainData!D2 -> الثالث الإبتدائي | D2: =MainData!E2 -> 3 / 1 ب | E2: 30 | F2: 30 | G2: 30 | H2: 30 | I2: 30 | J2: 30

Sheet T1_Month2
A1: Code | B1: Name | C1: Grade | D1: Class | E1: اللغة العربية | F1: اللغة الانجليزية | G1: الرياضيات | H1: التربية الدينية | I1: متعدد التخصصات | J1: مستوى رفيع
A2: =MainData!A2 -> 4422 | B2: =MainData!B2 -> الحسن احمد | C2: =MainData!D2 -> الثالث الإبتدائي | D2: =MainData!E2 -> 3 / 1 ب | E2: 30 | F2: 30 | G2: 30 | H2: 30 | I2: 30 | J2: 30

Sheet T1_Month3
A1: Code | B1: Name | C1: Grade | D1: Class | E1: اللغة العربية | F1: اللغة الانجليزية | G1: الرياضيات | H1: التربية الدينية | I1: متعدد التخصصات | J1: مستوى رفيع
A2: =MainData!A2 -> 4422 | B2: =MainData!B2 -> الحسن احمد | C2: =MainData!D2 -> الثالث الإبتدائي | D2: =MainData!E2 -> 3 / 1 ب | E2: 30 | F2: 30 | G2: 30 | H2: 30 | I2: 30 | J2: 30

Sheet T1_Test1
A1: Code | B1: Name | C1: Grade | D1: Class | E1: اللغة العربية | F1: اللغة الانجليزية | G1: الرياضيات | H1: التربية الدينية | I1: متعدد التخصصات | J1: مستوى رفيع
A2: =MainData!A2 -> 4422 | B2: =MainData!B2 -> الحسن احمد | C2: =MainData!D2 -> الثالث الإبتدائي | D2: =MainData!E2 -> 3 / 1 ب | E2: 5 | F2: 5 | G2: 5 | H2: 5 | I2: 5 | J2: 5

Sheet T1_Test2
A1: Code | B1: Name | C1: Grade | D1: Class | E1: اللغة العربية | F1: اللغة الانجليزية | G1: الرياضيات | H1: التربية الدينية | I1: متعدد التخصصات | J1: مستوى رفيع
A2: =MainData!A2 -> 4422 | B2: =MainData!B2 -> الحسن احمد | C2: =MainData!D2 -> الثالث الإبتدائي | D2: =MainData!E2 -> 3 / 1 ب | E2: 4 | F2: 4 | G2: 4 | H2: 4 | I2: 4 | J2: 4

Sheet Result_T1
A1: Code | B1: Name | C1: Grade | D1: Class | E1: اللغة العربية | F1: اللغة الانجليزية | G1: الرياضيات | H1: التربية الدينية | I1: متعدد التخصصات | J1: مستوى رفيع
A2: =MainData!A2 -> 4422 | B2: =MainData!B2 -> الحسن احمد | C2: =MainData!D2 -> الثالث الإبتدائي | D2: =MainData!E2 -> 3 / 1 ب | E2: 100 | F2: 100 | G2: 100 | H2: 100 | I2: 100 | J2: 100
